<!--****** MONITORED HOSTS ******-->
<monitored-host-system host-name="" load-generator="false" uid="NeoLoad">
    <embedded-action>1472e36d-daaa-4e93-aca4-776371814804</embedded-action>
</monitored-host-system>
<monitored-host-system host-name="localhost:7100" load-generator="true" uid="LG localhost:7100">
    <embedded-action>f3327267-17a7-46b6-82d7-7d97d11a3d76</embedded-action>
</monitored-host-system>
<!--****** END MONITORED HOSTS ******-->
<!--****** MONITOR CONNECTIONS ******-->
<connection-system interval="1000" name="NeoLoad" server-port="0" uid="1472e36d-daaa-4e93-aca4-776371814804">
    <monitor-category name="Default" short-display-name="Default">
        <monitor-wrapped-statistic callTime="ON_BENCH" computing="0"
            format="NUMBER" name="UserLoad" sampling="0" unit=""/>
        <monitor-wrapped-statistic callTime="ON_BENCH" computing="0"
            format="NUMBER" name="throughput" sampling="0" unit="Mb/s"/>
        <monitor-wrapped-statistic callTime="ON_BENCH" computing="0"
            format="NUMBER" name="Alerts" sampling="0" unit=""/>
        <monitor-wrapped-statistic callTime="ON_BENCH" computing="0"
            format="NUMBER" name="CriticalAlerts" sampling="0" unit=""/>
        <monitor-wrapped-statistic callTime="ON_BENCH" computing="0"
            format="NUMBER" name="WarningAlerts" sampling="0" unit=""/>
        <monitor-wrapped-statistic callTime="ON_BENCH" computing="0"
            format="NUMBER" name="cpu" sampling="0"
            threshold="ad9d5e66-11ac-4767-ae92-f9cdf259ff11" unit="%"/>
        <monitor-wrapped-statistic callTime="ON_BENCH" computing="0"
            format="NUMBER" name="memory" sampling="0"
            threshold="2b682420-b5fe-4709-b010-044372ad26cb" unit="%"/>
        <monitor-wrapped-statistic callTime="ON_BENCH" computing="0"
            format="NUMBER" name="threadcount" sampling="0" unit=""/>
        <monitor-category name="Load Generator Connections" short-display-name="Load Generator Connections">
            <monitor-wrapped-statistic callTime="ON_BENCH" computing="0"
                format="NUMBER" name="connectedlg" sampling="0" unit=""/>
            <monitor-wrapped-statistic callTime="ON_BENCH" computing="0"
                format="NUMBER" name="totallgdisconnections"
                sampling="0"
                threshold="2adebb2c-5bb7-42c1-a539-7fbcdc42472e" unit=""/>
            <monitor-wrapped-statistic callTime="ON_BENCH" computing="0"
                format="NUMBER" name="totallgreconnections" sampling="0" unit=""/>
        </monitor-category>
        <monitor-category name="Network" short-display-name="Network">
            <monitor-wrapped-statistic callTime="ON_BENCH" computing="0"
                format="NUMBER" name="otcp.NeoLoad" sampling="0" unit=""/>
            <monitor-wrapped-statistic callTime="ON_BENCH" computing="0"
                format="NUMBER" name="tcp.NeoLoad" sampling="0" unit=""/>
            <monitor-category name="wlp2s0 (wlp2s0)" short-display-name="wlp2s0 (wlp2s0)">
                <monitor-wrapped-statistic callTime="ON_BENCH"
                    computing="0" format="NUMBER"
                    name="ibytesperinterface~NeoLoad~wlp2s0"
                    sampling="0" unit="Mb/s"/>
                <monitor-wrapped-statistic callTime="ON_BENCH"
                    computing="0" format="NUMBER"
                    name="obytesperinterface~NeoLoad~wlp2s0"
                    sampling="0" unit="Mb/s"/>
            </monitor-category>
        </monitor-category>
        <monitor-category name="NeoLoad Web" short-display-name="NeoLoad Web">
            <monitor-wrapped-statistic callTime="ON_BENCH" computing="0"
                format="NUMBER" name="nlwebdownload" sampling="0" unit=""/>
            <monitor-wrapped-statistic callTime="ON_BENCH" computing="0"
                format="NUMBER" name="nlwebupload" sampling="0" unit=""/>
        </monitor-category>
        <monitor-wrapped-statistic callTime="ON_BENCH" computing="0"
            format="NUMBER" name="SapUserLoad" sampling="0" unit=""/>
        <monitor-wrapped-statistic callTime="ON_BENCH" computing="0"
            format="NUMBER" name="CitrixUserLoad" sampling="0" unit=""/>
    </monitor-category>
    <monitor-category name="Zones" short-display-name="Zones">
        <monitor-category name="Default zone" short-display-name="Default zone">
            <monitor-wrapped-statistic callTime="ON_BENCH" computing="0"
                format="NUMBER" name="zoneuserload~Default zone"
                sampling="0" unit=""/>
            <monitor-category name="Retail" short-display-name="Retail">
                <monitor-wrapped-statistic callTime="ON_BENCH"
                    computing="0" format="NUMBER"
                    name="zoneuserloadperpopulation~Default zone~Retail"
                    sampling="0" unit=""/>
                <monitor-category name="Browser" short-display-name="Browser">
                    <monitor-wrapped-statistic callTime="ON_BENCH"
                        computing="0" format="NUMBER"
                        name="zoneuserloadperpopulation~Default zone~Retail~Browser"
                        sampling="0" unit=""/>
                </monitor-category>
                <monitor-category name="Buyer" short-display-name="Buyer">
                    <monitor-wrapped-statistic callTime="ON_BENCH"
                        computing="0" format="NUMBER"
                        name="zoneuserloadperpopulation~Default zone~Retail~Buyer"
                        sampling="0" unit=""/>
                </monitor-category>
            </monitor-category>
            <monitor-category name="Perfecto" short-display-name="Perfecto">
                <monitor-wrapped-statistic callTime="ON_BENCH"
                    computing="0" format="NUMBER"
                    name="zoneuserloadperpopulation~Default zone~Perfecto"
                    sampling="0" unit=""/>
                <monitor-category name="Perfecto" short-display-name="Perfecto">
                    <monitor-wrapped-statistic callTime="ON_BENCH"
                        computing="0" format="NUMBER"
                        name="zoneuserloadperpopulation~Default zone~Perfecto~Perfecto"
                        sampling="0" unit=""/>
                </monitor-category>
            </monitor-category>
        </monitor-category>
    </monitor-category>
    <threshold enabled="true" uid="ad9d5e66-11ac-4767-ae92-f9cdf259ff11">
        <threshold-condition durationKind="SECONDS" durationNumber="15"
            operator="GREATER_THAN" severity="LOW" valueMax="Infinity" valueMin="80.0">
            <threshold-comment language="en">
                <threshold-content>Controller CPU high.</threshold-content>
            </threshold-comment>
            <threshold-comment language="fr">
                <threshold-content>CPU du Contrï¿½leur surchargï¿½.</threshold-content>
            </threshold-comment>
        </threshold-condition>
        <threshold-condition durationKind="SECONDS" durationNumber="15"
            operator="GREATER_THAN" severity="HIGH" valueMax="Infinity" valueMin="90.0">
            <threshold-comment language="en">
                <threshold-content>Controller CPU high.</threshold-content>
            </threshold-comment>
            <threshold-comment language="fr">
                <threshold-content>CPU du Contrï¿½leur surchargï¿½.</threshold-content>
            </threshold-comment>
        </threshold-condition>
    </threshold>
    <threshold enabled="true" uid="2b682420-b5fe-4709-b010-044372ad26cb">
        <threshold-condition durationKind="SECONDS" durationNumber="15"
            operator="GREATER_THAN" severity="LOW" valueMax="Infinity" valueMin="80.0">
            <threshold-comment language="en">
                <threshold-content>Too high amount of memory used</threshold-content>
            </threshold-comment>
            <threshold-comment language="fr">
                <threshold-content>Quantitï¿½ de mï¿½moire en cours d'utilisation ï¿½levï¿½e</threshold-content>
            </threshold-comment>
        </threshold-condition>
        <threshold-condition durationKind="SECONDS" durationNumber="15"
            operator="GREATER_THAN" severity="HIGH" valueMax="Infinity" valueMin="90.0">
            <threshold-comment language="en">
                <threshold-content>Too high amount of memory used</threshold-content>
            </threshold-comment>
            <threshold-comment language="fr">
                <threshold-content>Quantitï¿½ de mï¿½moire en cours d'utilisation ï¿½levï¿½e</threshold-content>
            </threshold-comment>
        </threshold-condition>
    </threshold>
    <threshold enabled="true" uid="2adebb2c-5bb7-42c1-a539-7fbcdc42472e">
        <threshold-condition durationKind="NB_OF_TIMES"
            durationNumber="1" operator="GREATER_THAN" severity="LOW"
            valueMax="Infinity" valueMin="1.0">
            <threshold-comment language="en">
                <threshold-content>Load Generator Diconnected &gt;=1</threshold-content>
            </threshold-comment>
            <threshold-comment language="fr">
                <threshold-content>Injecteur  dï¿½connectï¿½ &gt;= 1</threshold-content>
            </threshold-comment>
        </threshold-condition>
    </threshold>
</connection-system>
<connection-system interval="1000" name="NeoLoad" server-port="0" uid="f3327267-17a7-46b6-82d7-7d97d11a3d76">
    <monitor-category name="Default" short-display-name="Default">
        <monitor-wrapped-statistic callTime="ON_BENCH" computing="0"
            format="NUMBER" name="lgcpu.localhost:7100" sampling="0"
            threshold="1ce69fc3-3bf5-4b41-ba90-fcc22b5b76b6" unit="%"/>
        <monitor-wrapped-statistic callTime="ON_BENCH" computing="0"
            format="NUMBER" name="lgmemory.localhost:7100" sampling="0"
            threshold="b02d02c3-a29d-49da-afc4-a543d83bc6c5" unit="%"/>
        <monitor-wrapped-statistic callTime="ON_BENCH" computing="0"
            format="NUMBER" name="lgthroughput.localhost:7100"
            sampling="0" unit="Mb/s"/>
        <monitor-wrapped-statistic callTime="ON_BENCH" computing="0"
            format="NUMBER"
            name="lguserloadperpopulation~localhost:7100" sampling="0" unit=""/>
        <monitor-wrapped-statistic callTime="ON_BENCH" computing="0"
            format="NUMBER" name="lgthreadcount.localhost:7100"
            sampling="0" unit=""/>
        <monitor-category name="Http client" short-display-name="Http client">
            <monitor-wrapped-statistic callTime="ON_BENCH" computing="0"
                format="NUMBER"
                name="lg.jetty.httpclient.threadpool.used.localhost:7100"
                sampling="0" unit="%"/>
            <monitor-wrapped-statistic callTime="ON_BENCH" computing="0"
                format="NUMBER"
                name="lg.jetty.httpclient.taskpool.used.localhost:7100"
                sampling="0"
                threshold="2da7ca30-c833-4a41-885d-63f6d3a01529" unit="%"/>
        </monitor-category>
        <monitor-category name="Controller Connection" short-display-name="Controller Connection">
            <monitor-wrapped-statistic callTime="ON_BENCH" computing="0"
                format="NUMBER" name="lgdisconnections.localhost:7100"
                sampling="0" unit=""/>
            <monitor-wrapped-statistic callTime="ON_BENCH" computing="0"
                format="NUMBER" name="lgreconnections.localhost:7100"
                sampling="0" unit=""/>
            <monitor-wrapped-statistic callTime="ON_BENCH" computing="0"
                format="NUMBER" name="lgping.localhost:7100"
                sampling="0" unit="ms"/>
        </monitor-category>
        <monitor-category name="Network" short-display-name="Network">
            <monitor-wrapped-statistic callTime="ON_BENCH" computing="0"
                format="NUMBER" name="lgotcp.localhost:7100"
                sampling="0" unit=""/>
            <monitor-wrapped-statistic callTime="ON_BENCH" computing="0"
                format="NUMBER" name="lgtcp.localhost:7100" sampling="0" unit=""/>
            <monitor-category name="wlp2s0 (wlp2s0)" short-display-name="wlp2s0 (wlp2s0)">
                <monitor-wrapped-statistic callTime="ON_BENCH"
                    computing="0" format="NUMBER"
                    name="lgibytesperinterface~localhost:7100~wlp2s0"
                    sampling="0" unit="Mb/s"/>
                <monitor-wrapped-statistic callTime="ON_BENCH"
                    computing="0" format="NUMBER"
                    name="lgobytesperinterface~localhost:7100~wlp2s0"
                    sampling="0" unit="Mb/s"/>
            </monitor-category>
        </monitor-category>
    </monitor-category>
    <threshold enabled="true" uid="1ce69fc3-3bf5-4b41-ba90-fcc22b5b76b6">
        <threshold-condition durationKind="SECONDS" durationNumber="15"
            operator="GREATER_THAN" severity="LOW" valueMax="Infinity" valueMin="80.0">
            <threshold-comment language="en">
                <threshold-content>Load generator CPU high.</threshold-content>
            </threshold-comment>
            <threshold-comment language="fr">
                <threshold-content>CPU de l'injecteur surchargï¿½.</threshold-content>
            </threshold-comment>
        </threshold-condition>
        <threshold-condition durationKind="SECONDS" durationNumber="15"
            operator="GREATER_THAN" severity="HIGH" valueMax="Infinity" valueMin="90.0">
            <threshold-comment language="en">
                <threshold-content>Load generator CPU high.</threshold-content>
            </threshold-comment>
            <threshold-comment language="fr">
                <threshold-content>CPU de l'injecteur surchargï¿½.</threshold-content>
            </threshold-comment>
        </threshold-condition>
    </threshold>
    <threshold enabled="true" uid="b02d02c3-a29d-49da-afc4-a543d83bc6c5">
        <threshold-condition durationKind="SECONDS" durationNumber="15"
            operator="GREATER_THAN" severity="LOW" valueMax="Infinity" valueMin="80.0">
            <threshold-comment language="en">
                <threshold-content>Too high amount of memory used</threshold-content>
            </threshold-comment>
            <threshold-comment language="fr">
                <threshold-content>Quantitï¿½ de mï¿½moire en cours d'utilisation ï¿½levï¿½e</threshold-content>
            </threshold-comment>
        </threshold-condition>
        <threshold-condition durationKind="SECONDS" durationNumber="15"
            operator="GREATER_THAN" severity="HIGH" valueMax="Infinity" valueMin="90.0">
            <threshold-comment language="en">
                <threshold-content>Too high amount of memory used</threshold-content>
            </threshold-comment>
            <threshold-comment language="fr">
                <threshold-content>Quantitï¿½ de mï¿½moire en cours d'utilisation ï¿½levï¿½e</threshold-content>
            </threshold-comment>
        </threshold-condition>
    </threshold>
    <threshold enabled="true" uid="2da7ca30-c833-4a41-885d-63f6d3a01529">
        <threshold-condition durationKind="SECONDS" durationNumber="15"
            operator="GREATER_THAN" severity="LOW" valueMax="Infinity" valueMin="70.0">
            <threshold-comment language="en">
                <threshold-content>Too high amount of tasks queue by Jetty</threshold-content>
            </threshold-comment>
            <threshold-comment language="fr">
                <threshold-content>Quantitï¿½ de tï¿½ches Jetty en cours d'exï¿½cution ï¿½levï¿½e</threshold-content>
            </threshold-comment>
        </threshold-condition>
        <threshold-condition durationKind="SECONDS" durationNumber="15"
            operator="GREATER_THAN" severity="HIGH" valueMax="Infinity" valueMin="90.0">
            <threshold-comment language="en">
                <threshold-content>Too high amount of tasks queue by Jetty</threshold-content>
            </threshold-comment>
            <threshold-comment language="fr">
                <threshold-content>Quantitï¿½ de tï¿½ches Jetty en cours d'exï¿½cution ï¿½levï¿½e</threshold-content>
            </threshold-comment>
        </threshold-condition>
    </threshold>
</connection-system>
<!--****** END MONITOR CONNECTIONS ******-->
<!--****** DASHBOARDS  ******-->
<!--****** END DASHBOARDS  ******-->
<!--****** RESULTS GRAPH DESC TEMPLATES ******-->
<charts-templates-description name="template.customs"/>
