
	<!DOCTYPE project [
		<!ELEMENT project (objectids-table | current-scenario | duration | aggregation-period | truncated-mean | percentile)* >
	
		<!ELEMENT objectids-table (objectids-entry)* >
		<!ELEMENT objectids-entry (#PCDATA)>
		<!ELEMENT duration (#PCDATA)>
		<!ELEMENT truncated-mean (#PCDATA)>
		<!ELEMENT percentile (#PCDATA)>
		<!ELEMENT aggregation-period (#PCDATA)>
		<!ELEMENT current-scenario (#PCDATA)>
		<!ATTLIST duration
		    value CDATA #REQUIRED>
	    <!ATTLIST aggregation-period
		    value CDATA #REQUIRED>
		<!ATTLIST objectids-entry
		    objectid CDATA #REQUIRED
		    type CDATA #REQUIRED
		    value CDATA #REQUIRED
		    key CDATA #REQUIRED>
		<!ATTLIST truncated-mean
		    centered-interval CDATA #REQUIRED
		    percentage CDATA #REQUIRED>
		 <!ATTLIST percentile
		    percentage CDATA #REQUIRED>
	]>


<!--****** RUNTIME PROJECT ******--><project>
<!--****** CURRENT SCENARIO ******-->
<current-scenario>konakart_load_webinar</current-scenario>
<!--****** OBJECTIDS ******-->
<objectids-table>
<objectids-entry key="" objectid="0" type="LG_HOST" value="localhost:7100"/>
<objectids-entry key="" objectid="1" type="ZONE" value="Default zone"/>
<objectids-entry key="Default zone¤Retail¤" objectid="2" type="POPULATION" value="Retail"/>
<objectids-entry key="Default zone¤Retail¤Browser" objectid="3" type="VIRTUAL_USER" value="Browser"/>
<objectids-entry key="Default zone¤Retail¤Browser" objectid="4" type="BASIC_LOGICAL_CONTAINER" value="$parent=Browser;$index=0"/>
<objectids-entry key="Default zone¤Retail¤Browser" objectid="5" type="BASIC_LOGICAL_CONTAINER" value="$parent=Browser;$index=1"/>
<objectids-entry key="Default zone¤Retail¤Browser" objectid="6" type="BASIC_LOGICAL_CONTAINER" value="ec0e7073-903a-4f4f-ae76-cc5d228eae12"/>
<objectids-entry key="Default zone¤Retail¤Browser" objectid="7" type="HTTP_PAGE" value="391e6acf-0467-4236-bb05-38c2767cb9b6"/>
<objectids-entry key="Default zone¤Retail¤Browser" objectid="8" type="ACTION" value="d27c99c5-51d7-494c-ad3c-f8a1e2e7f457"/>
<objectids-entry key="Default zone¤Retail¤Browser" objectid="9" type="ACTION" value="f260c09f-3c6d-4b8a-8726-247d9f9fe323"/>
<objectids-entry key="Default zone¤Retail¤Browser" objectid="10" type="HTTP_PAGE" value="6b2bf0bb-d0c1-4508-a74f-e8006fb2e1ce"/>
<objectids-entry key="Default zone¤Retail¤Browser" objectid="11" type="ACTION" value="5c3c3310-8b9b-4e94-a6ae-c6f6a57c8ea6"/>
<objectids-entry key="Default zone¤Retail¤Browser" objectid="12" type="ACTION" value="667a1259-2a93-49aa-a51c-d7e0e4c41530"/>
<objectids-entry key="Default zone¤Retail¤Browser" objectid="13" type="HTTP_PAGE" value="5aab725b-3c98-4727-a28f-194abdb31bf5"/>
<objectids-entry key="Default zone¤Retail¤Browser" objectid="14" type="ACTION" value="af5cae2c-b423-4d23-9cb5-b8058ee5ec18"/>
<objectids-entry key="Default zone¤Retail¤Browser" objectid="15" type="ACTION" value="5c229ab2-99dc-49e3-82b4-f1f077e64125"/>
<objectids-entry key="Default zone¤Retail¤Browser" objectid="16" type="ACTION" value="1481f2d6-21b4-431b-8886-ab1fabe7d79a"/>
<objectids-entry key="Default zone¤Retail¤Browser" objectid="17" type="ACTION" value="9e9ebd85-944c-4d1f-b93a-25db56e27787"/>
<objectids-entry key="Default zone¤Retail¤Browser" objectid="18" type="ACTION" value="7aae5589-e54e-45b8-b9e3-9b3d526ae5cc"/>
<objectids-entry key="Default zone¤Retail¤Browser" objectid="19" type="ACTION" value="b2a9840b-30ad-4a0d-8459-5512b259ab61"/>
<objectids-entry key="Default zone¤Retail¤Browser" objectid="20" type="ACTION" value="27aa211c-d3de-43b4-bfdd-254a799b3eb5"/>
<objectids-entry key="Default zone¤Retail¤Browser" objectid="21" type="ACTION" value="c080acb7-30fb-4c3b-aca4-15f182998cbc"/>
<objectids-entry key="Default zone¤Retail¤Browser" objectid="22" type="ACTION" value="d07e2fb4-da65-4199-b491-227dba62c814"/>
<objectids-entry key="Default zone¤Retail¤Browser" objectid="23" type="ACTION" value="b11ffbe1-533e-4fdf-a627-1f772f1a43c8"/>
<objectids-entry key="Default zone¤Retail¤Browser" objectid="24" type="ACTION" value="c3413878-5c3a-4f67-b47d-dbe4a2149dcc"/>
<objectids-entry key="Default zone¤Retail¤Browser" objectid="25" type="ACTION" value="7578b2e1-26e5-4d9e-8882-db3b052f8572"/>
<objectids-entry key="Default zone¤Retail¤Browser" objectid="26" type="ACTION" value="501c60a0-590a-421c-91f7-1a1f9cf1696a"/>
<objectids-entry key="Default zone¤Retail¤Browser" objectid="27" type="ACTION" value="771a8768-91d5-4f8d-aaf7-3f49180c6d3c"/>
<objectids-entry key="Default zone¤Retail¤Browser" objectid="28" type="ACTION" value="5f589582-0f7c-48d3-a7f6-5fd02e45992f"/>
<objectids-entry key="Default zone¤Retail¤Browser" objectid="29" type="ACTION" value="23731bf5-a205-477e-a71d-94323c9802a5"/>
<objectids-entry key="Default zone¤Retail¤Browser" objectid="30" type="ACTION" value="48b2a970-f1da-4200-a3b5-6b7b77f7ddd1"/>
<objectids-entry key="Default zone¤Retail¤Browser" objectid="31" type="ACTION" value="e0205d71-fb57-4ea3-b481-a0ae28fef51e"/>
<objectids-entry key="Default zone¤Retail¤Browser" objectid="32" type="ACTION" value="96259416-b681-40c2-a46a-e01bea639249"/>
<objectids-entry key="Default zone¤Retail¤Browser" objectid="33" type="ACTION" value="1bc861bd-3b7e-499a-9807-d3e6c8c49c26"/>
<objectids-entry key="Default zone¤Retail¤Browser" objectid="34" type="ACTION" value="5e01233f-5e7c-49aa-84ec-81432c85a00b"/>
<objectids-entry key="Default zone¤Retail¤Browser" objectid="35" type="ACTION" value="116229d1-27b2-4c45-b7bb-cd8f3746616f"/>
<objectids-entry key="Default zone¤Retail¤Browser" objectid="36" type="ACTION" value="87be5e15-8cdc-41d2-b732-37e10362ef02"/>
<objectids-entry key="Default zone¤Retail¤Browser" objectid="37" type="ACTION" value="a3197820-9555-47e6-b0d7-1d205f425836"/>
<objectids-entry key="Default zone¤Retail¤Browser" objectid="38" type="ACTION" value="a6ed2db4-b1cd-4b1a-a423-d643244cad83"/>
<objectids-entry key="Default zone¤Retail¤Browser" objectid="39" type="ACTION" value="2a1b1e06-3d5b-4ad4-bcde-717fce5a3065"/>
<objectids-entry key="Default zone¤Retail¤Browser" objectid="40" type="ACTION" value="8887de2a-c51b-4c47-b1d7-eba1a79599e8"/>
<objectids-entry key="Default zone¤Retail¤Browser" objectid="41" type="ACTION" value="7bbb99ae-3e8a-4d57-8e1a-7e63ea7eff1c"/>
<objectids-entry key="Default zone¤Retail¤Browser" objectid="42" type="ACTION" value="6ab578dc-b542-4532-91fb-13a23417523d"/>
<objectids-entry key="Default zone¤Retail¤Browser" objectid="43" type="ACTION" value="2cfe7168-eebb-4f37-b3f2-e90a027b6e7b"/>
<objectids-entry key="Default zone¤Retail¤Browser" objectid="44" type="ACTION" value="2c41c919-02b3-4663-99c5-abc26bb35416"/>
<objectids-entry key="Default zone¤Retail¤Browser" objectid="45" type="ACTION" value="2b672a3e-77eb-49b9-bfee-a097c15a0e19"/>
<objectids-entry key="Default zone¤Retail¤Browser" objectid="46" type="ACTION" value="225692df-473b-4fad-8fbd-7317a9f3de3b"/>
<objectids-entry key="Default zone¤Retail¤Browser" objectid="47" type="ACTION" value="0ef30d74-1859-4771-acc7-54ec40144931"/>
<objectids-entry key="Default zone¤Retail¤Browser" objectid="48" type="ACTION" value="08b12d41-e6e9-488e-91d1-4a6d6de9a956"/>
<objectids-entry key="Default zone¤Retail¤Browser" objectid="49" type="ACTION" value="da76aea9-1a94-4ca4-9f5c-27b630c09b75"/>
<objectids-entry key="Default zone¤Retail¤Browser" objectid="50" type="ACTION" value="7232cc35-ad05-44f5-acff-a506723737e2"/>
<objectids-entry key="Default zone¤Retail¤Browser" objectid="51" type="ACTION" value="c078c121-3113-4c2d-b686-73b559756bda"/>
<objectids-entry key="Default zone¤Retail¤Browser" objectid="52" type="ACTION" value="6c282b27-c252-40c1-8f8a-0e948fe0d8c9"/>
<objectids-entry key="Default zone¤Retail¤Browser" objectid="53" type="ACTION" value="16a9d9aa-410f-4f7a-a2eb-2344a7c69b58"/>
<objectids-entry key="Default zone¤Retail¤Browser" objectid="54" type="ACTION" value="6b865a13-df5f-4f0e-86db-ff53d64fcb29"/>
<objectids-entry key="Default zone¤Retail¤Browser" objectid="55" type="HTTP_PAGE" value="36426ffa-b476-4d76-aeed-2633f6dde68d"/>
<objectids-entry key="Default zone¤Retail¤Browser" objectid="56" type="ACTION" value="b2c2bdbb-1798-4cf0-9c6d-ead6cb3e5c0a"/>
<objectids-entry key="Default zone¤Retail¤Browser" objectid="57" type="ACTION" value="8652f895-3808-49b4-94d2-8307b75d67b5"/>
<objectids-entry key="Default zone¤Retail¤Browser" objectid="58" type="ACTION" value="eb02a3a2-23f7-402e-a756-bff9940176dc"/>
<objectids-entry key="Default zone¤Retail¤Browser" objectid="59" type="ACTION" value="24f823d1-15b6-416e-a1be-0c656aa7f9f1"/>
<objectids-entry key="Default zone¤Retail¤Browser" objectid="60" type="ACTION" value="17ce9578-e071-42a9-a324-6366735561b5"/>
<objectids-entry key="Default zone¤Retail¤Browser" objectid="61" type="ACTION" value="0bfb9686-1f11-4de2-8ddb-f0eab623a5f6"/>
<objectids-entry key="Default zone¤Retail¤Browser" objectid="62" type="ACTION" value="3a23b21e-bbff-41d1-b8c6-a9c064299471"/>
<objectids-entry key="Default zone¤Retail¤Browser" objectid="63" type="ACTION" value="d4b1eeb9-147d-4a83-8dd8-1e697b4f2bdd"/>
<objectids-entry key="Default zone¤Retail¤Browser" objectid="64" type="HTTP_PAGE" value="42859f85-1539-4048-a7f6-db0147b02c08"/>
<objectids-entry key="Default zone¤Retail¤Browser" objectid="65" type="ACTION" value="019ecfd4-4ef8-41a8-86ed-233306a22c34"/>
<objectids-entry key="Default zone¤Retail¤Browser" objectid="66" type="LOOP" value="de83cbec-5aea-4097-8de4-ae374ddd4721"/>
<objectids-entry key="Default zone¤Retail¤Browser" objectid="67" type="BASIC_LOGICAL_CONTAINER" value="ece69a65-c3b9-436f-9537-8086c04934b8"/>
<objectids-entry key="Default zone¤Retail¤Browser" objectid="68" type="HTTP_PAGE" value="3bdb2683-8067-45ae-aa2a-4c9fcb00ae5d"/>
<objectids-entry key="Default zone¤Retail¤Browser" objectid="69" type="ACTION" value="436c0b06-0ef6-4213-8ba1-8590305f5fab"/>
<objectids-entry key="Default zone¤Retail¤Browser" objectid="70" type="ACTION" value="7a8d5acc-3d00-4ec0-8423-36527ec972bb"/>
<objectids-entry key="Default zone¤Retail¤Browser" objectid="71" type="ACTION" value="be3938c9-7305-421b-a486-94b0e5e37679"/>
<objectids-entry key="Default zone¤Retail¤Browser" objectid="72" type="ACTION" value="87b7298b-7d59-4eb3-acc8-99b8eefdbd32"/>
<objectids-entry key="Default zone¤Retail¤Browser" objectid="73" type="ACTION" value="bcb90efd-c1cd-493f-a150-8b70fc475c31"/>
<objectids-entry key="Default zone¤Retail¤Browser" objectid="74" type="ACTION" value="da7cf84f-dee6-46d5-8c4d-cc925308483f"/>
<objectids-entry key="Default zone¤Retail¤Browser" objectid="75" type="ACTION" value="92d04ffc-fc22-4d26-8eb9-6cc84c0dd461"/>
<objectids-entry key="Default zone¤Retail¤Browser" objectid="76" type="LOOP" value="18fcb24e-1705-4cf9-9321-c611988f9841"/>
<objectids-entry key="Default zone¤Retail¤Browser" objectid="77" type="ACTION" value="b6830d18-a8a9-435f-8e51-16ef32ce1d40"/>
<objectids-entry key="Default zone¤Retail¤Browser" objectid="78" type="BASIC_LOGICAL_CONTAINER" value="b905bad1-a31e-46b2-8637-6b56158e4e00"/>
<objectids-entry key="Default zone¤Retail¤Browser" objectid="79" type="HTTP_PAGE" value="907ac5fb-a19e-4ebb-98b0-1e5b10258039"/>
<objectids-entry key="Default zone¤Retail¤Browser" objectid="80" type="ACTION" value="4cc0b656-daf6-4fd5-b6bd-c5bdd273961c"/>
<objectids-entry key="Default zone¤Retail¤Browser" objectid="81" type="ACTION" value="64dedf01-d213-471d-8438-e4d8af26834f"/>
<objectids-entry key="Default zone¤Retail¤Browser" objectid="82" type="ACTION" value="74c4c136-1b58-4d5c-a9fa-930e55c487da"/>
<objectids-entry key="Default zone¤Retail¤Browser" objectid="83" type="ACTION" value="c9ed9658-0368-443c-9428-65d8372d96c8"/>
<objectids-entry key="Default zone¤Retail¤Browser" objectid="84" type="BASIC_LOGICAL_CONTAINER" value="ae52b0e2-0765-4e2b-9b2e-231cbecb0f00"/>
<objectids-entry key="Default zone¤Retail¤Browser" objectid="85" type="HTTP_PAGE" value="68e78df2-efa7-4355-838c-f959945af6b6"/>
<objectids-entry key="Default zone¤Retail¤Browser" objectid="86" type="ACTION" value="db73ee3f-2b5d-40df-a981-8c7ef3777fe9"/>
<objectids-entry key="Default zone¤Retail¤Browser" objectid="87" type="BASIC_LOGICAL_CONTAINER" value="f2867473-60f2-4f02-a12f-d265ec97c1d2"/>
<objectids-entry key="Default zone¤Retail¤Browser" objectid="88" type="HTTP_PAGE" value="60b5b5c9-0e61-4dbf-a02b-6b340306c181"/>
<objectids-entry key="Default zone¤Retail¤Browser" objectid="89" type="ACTION" value="8af285e6-f912-4f3d-ad6d-c853fe55db83"/>
<objectids-entry key="Default zone¤Retail¤Browser" objectid="90" type="LOOP" value="638eda0e-ac19-481a-bbba-f48f35fb07c8"/>
<objectids-entry key="Default zone¤Retail¤Browser" objectid="91" type="ACTION" value="e4424078-7c40-49aa-afe8-6b0f720256de"/>
<objectids-entry key="Default zone¤Retail¤Browser" objectid="92" type="BASIC_LOGICAL_CONTAINER" value="3e6ff61d-ef8c-409e-ac9c-e6ab15ee7701"/>
<objectids-entry key="Default zone¤Retail¤Browser" objectid="93" type="HTTP_PAGE" value="b940d97d-9fba-4f82-a6dc-ee6c136e9951"/>
<objectids-entry key="Default zone¤Retail¤Browser" objectid="94" type="ACTION" value="c2eec548-86e7-438f-81b8-1eaeefb99d05"/>
<objectids-entry key="Default zone¤Retail¤Browser" objectid="95" type="ACTION" value="3357096f-87bc-46a7-9915-d41df5167d74"/>
<objectids-entry key="Default zone¤Retail¤Browser" objectid="96" type="BASIC_LOGICAL_CONTAINER" value="$parent=Browser;$index=2"/>
<objectids-entry key="Default zone¤Retail¤Buyer" objectid="97" type="VIRTUAL_USER" value="Buyer"/>
<objectids-entry key="Default zone¤Retail¤Buyer" objectid="98" type="BASIC_LOGICAL_CONTAINER" value="$parent=Buyer;$index=0"/>
<objectids-entry key="Default zone¤Retail¤Buyer" objectid="99" type="BASIC_LOGICAL_CONTAINER" value="$parent=Buyer;$index=1"/>
<objectids-entry key="Default zone¤Retail¤Buyer" objectid="100" type="BASIC_LOGICAL_CONTAINER" value="ec0e7073-903a-4f4f-ae76-cc5d228eae12"/>
<objectids-entry key="Default zone¤Retail¤Buyer" objectid="101" type="HTTP_PAGE" value="391e6acf-0467-4236-bb05-38c2767cb9b6"/>
<objectids-entry key="Default zone¤Retail¤Buyer" objectid="102" type="ACTION" value="d27c99c5-51d7-494c-ad3c-f8a1e2e7f457"/>
<objectids-entry key="Default zone¤Retail¤Buyer" objectid="103" type="ACTION" value="f260c09f-3c6d-4b8a-8726-247d9f9fe323"/>
<objectids-entry key="Default zone¤Retail¤Buyer" objectid="104" type="HTTP_PAGE" value="6b2bf0bb-d0c1-4508-a74f-e8006fb2e1ce"/>
<objectids-entry key="Default zone¤Retail¤Buyer" objectid="105" type="ACTION" value="5c3c3310-8b9b-4e94-a6ae-c6f6a57c8ea6"/>
<objectids-entry key="Default zone¤Retail¤Buyer" objectid="106" type="ACTION" value="667a1259-2a93-49aa-a51c-d7e0e4c41530"/>
<objectids-entry key="Default zone¤Retail¤Buyer" objectid="107" type="HTTP_PAGE" value="5aab725b-3c98-4727-a28f-194abdb31bf5"/>
<objectids-entry key="Default zone¤Retail¤Buyer" objectid="108" type="ACTION" value="af5cae2c-b423-4d23-9cb5-b8058ee5ec18"/>
<objectids-entry key="Default zone¤Retail¤Buyer" objectid="109" type="ACTION" value="5c229ab2-99dc-49e3-82b4-f1f077e64125"/>
<objectids-entry key="Default zone¤Retail¤Buyer" objectid="110" type="ACTION" value="1481f2d6-21b4-431b-8886-ab1fabe7d79a"/>
<objectids-entry key="Default zone¤Retail¤Buyer" objectid="111" type="ACTION" value="9e9ebd85-944c-4d1f-b93a-25db56e27787"/>
<objectids-entry key="Default zone¤Retail¤Buyer" objectid="112" type="ACTION" value="7aae5589-e54e-45b8-b9e3-9b3d526ae5cc"/>
<objectids-entry key="Default zone¤Retail¤Buyer" objectid="113" type="ACTION" value="b2a9840b-30ad-4a0d-8459-5512b259ab61"/>
<objectids-entry key="Default zone¤Retail¤Buyer" objectid="114" type="ACTION" value="27aa211c-d3de-43b4-bfdd-254a799b3eb5"/>
<objectids-entry key="Default zone¤Retail¤Buyer" objectid="115" type="ACTION" value="c080acb7-30fb-4c3b-aca4-15f182998cbc"/>
<objectids-entry key="Default zone¤Retail¤Buyer" objectid="116" type="ACTION" value="d07e2fb4-da65-4199-b491-227dba62c814"/>
<objectids-entry key="Default zone¤Retail¤Buyer" objectid="117" type="ACTION" value="b11ffbe1-533e-4fdf-a627-1f772f1a43c8"/>
<objectids-entry key="Default zone¤Retail¤Buyer" objectid="118" type="ACTION" value="c3413878-5c3a-4f67-b47d-dbe4a2149dcc"/>
<objectids-entry key="Default zone¤Retail¤Buyer" objectid="119" type="ACTION" value="7578b2e1-26e5-4d9e-8882-db3b052f8572"/>
<objectids-entry key="Default zone¤Retail¤Buyer" objectid="120" type="ACTION" value="501c60a0-590a-421c-91f7-1a1f9cf1696a"/>
<objectids-entry key="Default zone¤Retail¤Buyer" objectid="121" type="ACTION" value="771a8768-91d5-4f8d-aaf7-3f49180c6d3c"/>
<objectids-entry key="Default zone¤Retail¤Buyer" objectid="122" type="ACTION" value="5f589582-0f7c-48d3-a7f6-5fd02e45992f"/>
<objectids-entry key="Default zone¤Retail¤Buyer" objectid="123" type="ACTION" value="23731bf5-a205-477e-a71d-94323c9802a5"/>
<objectids-entry key="Default zone¤Retail¤Buyer" objectid="124" type="ACTION" value="48b2a970-f1da-4200-a3b5-6b7b77f7ddd1"/>
<objectids-entry key="Default zone¤Retail¤Buyer" objectid="125" type="ACTION" value="e0205d71-fb57-4ea3-b481-a0ae28fef51e"/>
<objectids-entry key="Default zone¤Retail¤Buyer" objectid="126" type="ACTION" value="96259416-b681-40c2-a46a-e01bea639249"/>
<objectids-entry key="Default zone¤Retail¤Buyer" objectid="127" type="ACTION" value="1bc861bd-3b7e-499a-9807-d3e6c8c49c26"/>
<objectids-entry key="Default zone¤Retail¤Buyer" objectid="128" type="ACTION" value="5e01233f-5e7c-49aa-84ec-81432c85a00b"/>
<objectids-entry key="Default zone¤Retail¤Buyer" objectid="129" type="ACTION" value="116229d1-27b2-4c45-b7bb-cd8f3746616f"/>
<objectids-entry key="Default zone¤Retail¤Buyer" objectid="130" type="ACTION" value="87be5e15-8cdc-41d2-b732-37e10362ef02"/>
<objectids-entry key="Default zone¤Retail¤Buyer" objectid="131" type="ACTION" value="a3197820-9555-47e6-b0d7-1d205f425836"/>
<objectids-entry key="Default zone¤Retail¤Buyer" objectid="132" type="ACTION" value="a6ed2db4-b1cd-4b1a-a423-d643244cad83"/>
<objectids-entry key="Default zone¤Retail¤Buyer" objectid="133" type="ACTION" value="2a1b1e06-3d5b-4ad4-bcde-717fce5a3065"/>
<objectids-entry key="Default zone¤Retail¤Buyer" objectid="134" type="ACTION" value="8887de2a-c51b-4c47-b1d7-eba1a79599e8"/>
<objectids-entry key="Default zone¤Retail¤Buyer" objectid="135" type="ACTION" value="7bbb99ae-3e8a-4d57-8e1a-7e63ea7eff1c"/>
<objectids-entry key="Default zone¤Retail¤Buyer" objectid="136" type="ACTION" value="6ab578dc-b542-4532-91fb-13a23417523d"/>
<objectids-entry key="Default zone¤Retail¤Buyer" objectid="137" type="ACTION" value="2cfe7168-eebb-4f37-b3f2-e90a027b6e7b"/>
<objectids-entry key="Default zone¤Retail¤Buyer" objectid="138" type="ACTION" value="2c41c919-02b3-4663-99c5-abc26bb35416"/>
<objectids-entry key="Default zone¤Retail¤Buyer" objectid="139" type="ACTION" value="2b672a3e-77eb-49b9-bfee-a097c15a0e19"/>
<objectids-entry key="Default zone¤Retail¤Buyer" objectid="140" type="ACTION" value="225692df-473b-4fad-8fbd-7317a9f3de3b"/>
<objectids-entry key="Default zone¤Retail¤Buyer" objectid="141" type="ACTION" value="0ef30d74-1859-4771-acc7-54ec40144931"/>
<objectids-entry key="Default zone¤Retail¤Buyer" objectid="142" type="ACTION" value="08b12d41-e6e9-488e-91d1-4a6d6de9a956"/>
<objectids-entry key="Default zone¤Retail¤Buyer" objectid="143" type="ACTION" value="da76aea9-1a94-4ca4-9f5c-27b630c09b75"/>
<objectids-entry key="Default zone¤Retail¤Buyer" objectid="144" type="ACTION" value="7232cc35-ad05-44f5-acff-a506723737e2"/>
<objectids-entry key="Default zone¤Retail¤Buyer" objectid="145" type="ACTION" value="c078c121-3113-4c2d-b686-73b559756bda"/>
<objectids-entry key="Default zone¤Retail¤Buyer" objectid="146" type="ACTION" value="6c282b27-c252-40c1-8f8a-0e948fe0d8c9"/>
<objectids-entry key="Default zone¤Retail¤Buyer" objectid="147" type="ACTION" value="16a9d9aa-410f-4f7a-a2eb-2344a7c69b58"/>
<objectids-entry key="Default zone¤Retail¤Buyer" objectid="148" type="ACTION" value="6b865a13-df5f-4f0e-86db-ff53d64fcb29"/>
<objectids-entry key="Default zone¤Retail¤Buyer" objectid="149" type="HTTP_PAGE" value="36426ffa-b476-4d76-aeed-2633f6dde68d"/>
<objectids-entry key="Default zone¤Retail¤Buyer" objectid="150" type="ACTION" value="b2c2bdbb-1798-4cf0-9c6d-ead6cb3e5c0a"/>
<objectids-entry key="Default zone¤Retail¤Buyer" objectid="151" type="ACTION" value="8652f895-3808-49b4-94d2-8307b75d67b5"/>
<objectids-entry key="Default zone¤Retail¤Buyer" objectid="152" type="ACTION" value="eb02a3a2-23f7-402e-a756-bff9940176dc"/>
<objectids-entry key="Default zone¤Retail¤Buyer" objectid="153" type="ACTION" value="24f823d1-15b6-416e-a1be-0c656aa7f9f1"/>
<objectids-entry key="Default zone¤Retail¤Buyer" objectid="154" type="ACTION" value="17ce9578-e071-42a9-a324-6366735561b5"/>
<objectids-entry key="Default zone¤Retail¤Buyer" objectid="155" type="ACTION" value="0bfb9686-1f11-4de2-8ddb-f0eab623a5f6"/>
<objectids-entry key="Default zone¤Retail¤Buyer" objectid="156" type="ACTION" value="3a23b21e-bbff-41d1-b8c6-a9c064299471"/>
<objectids-entry key="Default zone¤Retail¤Buyer" objectid="157" type="ACTION" value="d4b1eeb9-147d-4a83-8dd8-1e697b4f2bdd"/>
<objectids-entry key="Default zone¤Retail¤Buyer" objectid="158" type="HTTP_PAGE" value="42859f85-1539-4048-a7f6-db0147b02c08"/>
<objectids-entry key="Default zone¤Retail¤Buyer" objectid="159" type="ACTION" value="019ecfd4-4ef8-41a8-86ed-233306a22c34"/>
<objectids-entry key="Default zone¤Retail¤Buyer" objectid="160" type="BASIC_LOGICAL_CONTAINER" value="ece69a65-c3b9-436f-9537-8086c04934b8"/>
<objectids-entry key="Default zone¤Retail¤Buyer" objectid="161" type="HTTP_PAGE" value="3bdb2683-8067-45ae-aa2a-4c9fcb00ae5d"/>
<objectids-entry key="Default zone¤Retail¤Buyer" objectid="162" type="ACTION" value="436c0b06-0ef6-4213-8ba1-8590305f5fab"/>
<objectids-entry key="Default zone¤Retail¤Buyer" objectid="163" type="ACTION" value="7a8d5acc-3d00-4ec0-8423-36527ec972bb"/>
<objectids-entry key="Default zone¤Retail¤Buyer" objectid="164" type="ACTION" value="be3938c9-7305-421b-a486-94b0e5e37679"/>
<objectids-entry key="Default zone¤Retail¤Buyer" objectid="165" type="ACTION" value="87b7298b-7d59-4eb3-acc8-99b8eefdbd32"/>
<objectids-entry key="Default zone¤Retail¤Buyer" objectid="166" type="ACTION" value="bcb90efd-c1cd-493f-a150-8b70fc475c31"/>
<objectids-entry key="Default zone¤Retail¤Buyer" objectid="167" type="ACTION" value="da7cf84f-dee6-46d5-8c4d-cc925308483f"/>
<objectids-entry key="Default zone¤Retail¤Buyer" objectid="168" type="ACTION" value="92d04ffc-fc22-4d26-8eb9-6cc84c0dd461"/>
<objectids-entry key="Default zone¤Retail¤Buyer" objectid="169" type="LOOP" value="18fcb24e-1705-4cf9-9321-c611988f9841"/>
<objectids-entry key="Default zone¤Retail¤Buyer" objectid="170" type="ACTION" value="b6830d18-a8a9-435f-8e51-16ef32ce1d40"/>
<objectids-entry key="Default zone¤Retail¤Buyer" objectid="171" type="BASIC_LOGICAL_CONTAINER" value="b905bad1-a31e-46b2-8637-6b56158e4e00"/>
<objectids-entry key="Default zone¤Retail¤Buyer" objectid="172" type="HTTP_PAGE" value="907ac5fb-a19e-4ebb-98b0-1e5b10258039"/>
<objectids-entry key="Default zone¤Retail¤Buyer" objectid="173" type="ACTION" value="4cc0b656-daf6-4fd5-b6bd-c5bdd273961c"/>
<objectids-entry key="Default zone¤Retail¤Buyer" objectid="174" type="ACTION" value="64dedf01-d213-471d-8438-e4d8af26834f"/>
<objectids-entry key="Default zone¤Retail¤Buyer" objectid="175" type="ACTION" value="74c4c136-1b58-4d5c-a9fa-930e55c487da"/>
<objectids-entry key="Default zone¤Retail¤Buyer" objectid="176" type="ACTION" value="c9ed9658-0368-443c-9428-65d8372d96c8"/>
<objectids-entry key="Default zone¤Retail¤Buyer" objectid="177" type="BASIC_LOGICAL_CONTAINER" value="37f869d2-b27f-4524-b627-5360f2ff0ec4"/>
<objectids-entry key="Default zone¤Retail¤Buyer" objectid="178" type="HTTP_PAGE" value="9d3c9b10-2c67-4014-a1cf-2e54ec1f6fdd"/>
<objectids-entry key="Default zone¤Retail¤Buyer" objectid="179" type="ACTION" value="bc8dc12b-2f55-48f9-bd62-581363c54c53"/>
<objectids-entry key="Default zone¤Retail¤Buyer" objectid="180" type="BASIC_LOGICAL_CONTAINER" value="ae52b0e2-0765-4e2b-9b2e-231cbecb0f00"/>
<objectids-entry key="Default zone¤Retail¤Buyer" objectid="181" type="HTTP_PAGE" value="68e78df2-efa7-4355-838c-f959945af6b6"/>
<objectids-entry key="Default zone¤Retail¤Buyer" objectid="182" type="ACTION" value="db73ee3f-2b5d-40df-a981-8c7ef3777fe9"/>
<objectids-entry key="Default zone¤Retail¤Buyer" objectid="183" type="BASIC_LOGICAL_CONTAINER" value="868883ae-cc2e-424a-85ef-2df37365e8e6"/>
<objectids-entry key="Default zone¤Retail¤Buyer" objectid="184" type="HTTP_PAGE" value="7ac41641-1caf-48bb-8798-7c06c8aa1a15"/>
<objectids-entry key="Default zone¤Retail¤Buyer" objectid="185" type="ACTION" value="07299086-fb15-434a-84fa-08bd70beb338"/>
<objectids-entry key="Default zone¤Retail¤Buyer" objectid="186" type="ACTION" value="3683cd8f-a619-47a4-9d2b-72bd190576ba"/>
<objectids-entry key="Default zone¤Retail¤Buyer" objectid="187" type="BASIC_LOGICAL_CONTAINER" value="$parent=Buyer;$index=2"/>
<objectids-entry key="Default zone¤Perfecto¤" objectid="188" type="POPULATION" value="Perfecto"/>
<objectids-entry key="Default zone¤Perfecto¤Perfecto" objectid="189" type="VIRTUAL_USER" value="Perfecto"/>
<objectids-entry key="Default zone¤Perfecto¤Perfecto" objectid="190" type="BASIC_LOGICAL_CONTAINER" value="$parent=Perfecto;$index=0"/>
<objectids-entry key="Default zone¤Perfecto¤Perfecto" objectid="191" type="BASIC_LOGICAL_CONTAINER" value="$parent=Perfecto;$index=1"/>
<objectids-entry key="Default zone¤Perfecto¤Perfecto" objectid="192" type="CUSTOM_ACTION" value="28e3588c-dd73-4b57-92ef-fa207610539f"/>
<objectids-entry key="Default zone¤Perfecto¤Perfecto" objectid="193" type="BASIC_LOGICAL_CONTAINER" value="$parent=Perfecto;$index=2"/>
<objectids-entry key="¤¤" objectid="194" type="MONITORED_HOST" value="NeoLoad"/>
<objectids-entry key="¤¤" objectid="195" type="MONITORCONNECTION" value="NeoLoad$NeoLoad"/>
<objectids-entry key="¤¤" objectid="196" type="MONITOR" value="NeoLoad$NeoLoad$UserLoad"/>
<objectids-entry key="¤¤" objectid="197" type="MONITOR" value="NeoLoad$NeoLoad$throughput"/>
<objectids-entry key="¤¤" objectid="198" type="MONITOR" value="NeoLoad$NeoLoad$Alerts"/>
<objectids-entry key="¤¤" objectid="199" type="MONITOR" value="NeoLoad$NeoLoad$CriticalAlerts"/>
<objectids-entry key="¤¤" objectid="200" type="MONITOR" value="NeoLoad$NeoLoad$WarningAlerts"/>
<objectids-entry key="¤¤" objectid="201" type="MONITOR" value="NeoLoad$NeoLoad$cpu"/>
<objectids-entry key="¤¤" objectid="202" type="THRESHOLD" value="NeoLoad$NeoLoad$ad9d5e66-11ac-4767-ae92-f9cdf259ff11"/>
<objectids-entry key="¤¤" objectid="203" type="MONITOR" value="NeoLoad$NeoLoad$memory"/>
<objectids-entry key="¤¤" objectid="204" type="THRESHOLD" value="NeoLoad$NeoLoad$2b682420-b5fe-4709-b010-044372ad26cb"/>
<objectids-entry key="¤¤" objectid="205" type="MONITOR" value="NeoLoad$NeoLoad$threadcount"/>
<objectids-entry key="¤¤" objectid="206" type="MONITOR" value="NeoLoad$NeoLoad$connectedlg"/>
<objectids-entry key="¤¤" objectid="207" type="MONITOR" value="NeoLoad$NeoLoad$totallgdisconnections"/>
<objectids-entry key="¤¤" objectid="208" type="THRESHOLD" value="NeoLoad$NeoLoad$2adebb2c-5bb7-42c1-a539-7fbcdc42472e"/>
<objectids-entry key="¤¤" objectid="209" type="MONITOR" value="NeoLoad$NeoLoad$totallgreconnections"/>
<objectids-entry key="¤¤" objectid="210" type="MONITOR" value="NeoLoad$NeoLoad$otcp.NeoLoad"/>
<objectids-entry key="¤¤" objectid="211" type="MONITOR" value="NeoLoad$NeoLoad$tcp.NeoLoad"/>
<objectids-entry key="¤¤" objectid="212" type="MONITOR" value="NeoLoad$NeoLoad$ibytesperinterface~NeoLoad~wlp2s0"/>
<objectids-entry key="¤¤" objectid="213" type="MONITOR" value="NeoLoad$NeoLoad$obytesperinterface~NeoLoad~wlp2s0"/>
<objectids-entry key="¤¤" objectid="214" type="MONITOR" value="NeoLoad$NeoLoad$nlwebdownload"/>
<objectids-entry key="¤¤" objectid="215" type="MONITOR" value="NeoLoad$NeoLoad$nlwebupload"/>
<objectids-entry key="¤¤" objectid="216" type="MONITOR" value="NeoLoad$NeoLoad$SapUserLoad"/>
<objectids-entry key="¤¤" objectid="217" type="MONITOR" value="NeoLoad$NeoLoad$CitrixUserLoad"/>
<objectids-entry key="¤¤" objectid="218" type="MONITOR" value="NeoLoad$NeoLoad$zoneuserload~Default zone"/>
<objectids-entry key="¤¤" objectid="219" type="MONITOR" value="NeoLoad$NeoLoad$zoneuserloadperpopulation~Default zone~Retail"/>
<objectids-entry key="¤¤" objectid="220" type="MONITOR" value="NeoLoad$NeoLoad$zoneuserloadperpopulation~Default zone~Retail~Browser"/>
<objectids-entry key="¤¤" objectid="221" type="MONITOR" value="NeoLoad$NeoLoad$zoneuserloadperpopulation~Default zone~Retail~Buyer"/>
<objectids-entry key="¤¤" objectid="222" type="MONITOR" value="NeoLoad$NeoLoad$zoneuserloadperpopulation~Default zone~Perfecto"/>
<objectids-entry key="¤¤" objectid="223" type="MONITOR" value="NeoLoad$NeoLoad$zoneuserloadperpopulation~Default zone~Perfecto~Perfecto"/>
<objectids-entry key="¤¤" objectid="224" type="MONITORED_HOST" value="LG localhost:7100"/>
<objectids-entry key="¤¤" objectid="225" type="MONITORCONNECTION" value="LG localhost:7100$NeoLoad"/>
<objectids-entry key="¤¤" objectid="226" type="MONITOR" value="LG localhost:7100$NeoLoad$lgcpu.localhost:7100"/>
<objectids-entry key="¤¤" objectid="227" type="THRESHOLD" value="LG localhost:7100$NeoLoad$1ce69fc3-3bf5-4b41-ba90-fcc22b5b76b6"/>
<objectids-entry key="¤¤" objectid="228" type="MONITOR" value="LG localhost:7100$NeoLoad$lgmemory.localhost:7100"/>
<objectids-entry key="¤¤" objectid="229" type="THRESHOLD" value="LG localhost:7100$NeoLoad$b02d02c3-a29d-49da-afc4-a543d83bc6c5"/>
<objectids-entry key="¤¤" objectid="230" type="MONITOR" value="LG localhost:7100$NeoLoad$lgthroughput.localhost:7100"/>
<objectids-entry key="¤¤" objectid="231" type="MONITOR" value="LG localhost:7100$NeoLoad$lguserloadperpopulation~localhost:7100"/>
<objectids-entry key="¤¤" objectid="232" type="MONITOR" value="LG localhost:7100$NeoLoad$lgthreadcount.localhost:7100"/>
<objectids-entry key="¤¤" objectid="233" type="MONITOR" value="LG localhost:7100$NeoLoad$lg.jetty.httpclient.threadpool.used.localhost:7100"/>
<objectids-entry key="¤¤" objectid="234" type="MONITOR" value="LG localhost:7100$NeoLoad$lg.jetty.httpclient.taskpool.used.localhost:7100"/>
<objectids-entry key="¤¤" objectid="235" type="THRESHOLD" value="LG localhost:7100$NeoLoad$2da7ca30-c833-4a41-885d-63f6d3a01529"/>
<objectids-entry key="¤¤" objectid="236" type="MONITOR" value="LG localhost:7100$NeoLoad$lgdisconnections.localhost:7100"/>
<objectids-entry key="¤¤" objectid="237" type="MONITOR" value="LG localhost:7100$NeoLoad$lgreconnections.localhost:7100"/>
<objectids-entry key="¤¤" objectid="238" type="MONITOR" value="LG localhost:7100$NeoLoad$lgping.localhost:7100"/>
<objectids-entry key="¤¤" objectid="239" type="MONITOR" value="LG localhost:7100$NeoLoad$lgotcp.localhost:7100"/>
<objectids-entry key="¤¤" objectid="240" type="MONITOR" value="LG localhost:7100$NeoLoad$lgtcp.localhost:7100"/>
<objectids-entry key="¤¤" objectid="241" type="MONITOR" value="LG localhost:7100$NeoLoad$lgibytesperinterface~localhost:7100~wlp2s0"/>
<objectids-entry key="¤¤" objectid="242" type="MONITOR" value="LG localhost:7100$NeoLoad$lgobytesperinterface~localhost:7100~wlp2s0"/>
</objectids-table>
<!--****** DURATION ******-->
<duration value="10226"/>
<!--****** AGGREGATION PERIOD ******-->
<aggregation-period value="1000"/>
<!--****** EXTENDED STATISTICS ******-->
<truncated-mean centered-interval="true" percentage="90"/>
<percentile percentage="50"/>
</project>
